NomDep;NomLoc;zip2010;zip2022
GENERAL LOPEZ;AARON CASTELLANOS;aaroncastellanosa3v;AARONCASTELLANOS
ROSARIO;ACEBAL;acebala1v;ACEBAL
SAN CRISTOBAL;AGUARA GRANDE;aguaragrandea3h;AGUARAGRANDE
ROSARIO;ALBARELLOS;albarellosa3v;ALBARELLOS
CONSTITUCION;ALCORTA;Alcortaa2h;ALCORTA
CASTELLANOS;ALDAO;Aldaoa3h;ALDAO
SAN JAVIER;ALEJANDRA;Alejandraa3v;ALEJANDRA
ROSARIO;ALVAREZ;alvareza1v;ALVAREZ
ROSARIO;ALVEAR;alveara3h;ALVEAR
SAN CRISTOBAL;AMBROSETTI;Ambrosettia2h;AMBROSETTI
GENERAL LOPEZ;AMENABAR;amenabara2h;AMENABAR
LA CAPITAL;ANGEL GALLARDO;angelgallardoa3v;ANGELGALLARDO
CASTELLANOS;ANGELICA;angelicaa3h;ANGELICA
SAN JUSTO;ANGELONI;angelonia3h;ANGELONI
ROSARIO;ARBILLA;arbillaa3v;ARBILLA
CASEROS;AREQUITO;arequitoa2h;AREQUITO
ROSARIO;ARMINDA;armindaa3h;ARMINDA
BELGRANO;ARMSTRONG;armstrongA3h;ARMSTRONG
SAN JERONIMO;AROCENA;arocenaa3v;AROCENA
LA CAPITAL;ARROYO AGUIAR;arroyoaguiara3v;ARROYOAGUIAR
GENERAL OBLIGADO;ARROYO CEIBAL;ACEIBALA3H;ARROYOCEIBAL
LA CAPITAL;ARROYO LEYES;arroyoleyesa1h;ARROYOLEYES
ROSARIO;ARROYO SECO;asecoA1H;ARROYOSECO
SAN CRISTOBAL;ARRUFO;arrufoa3v;ARRUFO
CASEROS;ARTEAGA;arteaga_A3h;ARTEAGA
CASTELLANOS;ATALIVA;atalivaa3h;ATALIVA
CASTELLANOS;AURELIA;aureliaa3h;AURELIA
GENERAL OBLIGADO;AVELLANEDA;avellanedaa1h;AVELLANEDA
SAN CRISTOBAL;BALNEARIO LA VERDE;balneariolaverdea3h;BALNEARIOLAVERDE
SAN JERONIMO;BALNEARIO MONJE;balnearioMonjea3v;BALNEARIOMONJE
SAN JERONIMO;BARRANCAS;barrancasa2v;BARRANCAS
CONSTITUCION;BARRIO ARROYO DEL MEDIO;BARRIOARROYODELMEDIO;BARRIOARROYODELMEDIO
SAN JERONIMO;BARRIO CAIMA;BARRIOCAIMA;BARRIOCAIMA
IRIONDO;BARRIO CICARELLI;barriocicarellia3v;BARRIOCICARELLI
SAN JERONIMO;BARRIO EL PACAA-BARRIO COMIPINI;barrioelpacaycomipinia3v;BARRIOELPACAABARRIOCOMIPINI
CONSTITUCION;BARRIO MITRE;BarrioMitrea3v;BARRIOMITRE
CASTELLANOS;BARRIOS ACAPULCO Y VERACRUZ;boacapulcoyveracruza3h;BARRIOSACAPULCOYVERACRUZ
CASTELLANOS;BAUER Y SIGEL;bauerysigela3h;BAUERYSIGEL
CASTELLANOS;BELLA ITALIA;bellaitaliaa3h;BELLAITALIA
CASEROS;BERABEVU;BerabevuA3h;BERABEVU
GENERAL OBLIGADO;BERNA;BERNAA3H;BERNA
SAN JERONIMO;BERNARDO DE IRIGOYEN;BERNARDODEIRIGOYEN;BERNARDODEIRIGOYEN
CASEROS;BIGAND;BigandA3h;BIGAND
CONSTITUCION;BOMBAL;bombala3h;BOMBAL
BELGRANO;BOUQUET;bouquetA3h;BOUQUET
IRIONDO;BUSTINZA;bustinzaa3v;BUSTINZA
LA CAPITAL;CABAL;cabala3h;CABAL
SAN JAVIER;CACIQUE ARIACAIQUIN;caciqueariacaiquina3h;CACIQUEARIACAIQUIN
GENERAL LOPEZ;CAFFERATA;caferataa3h;CAFFERATA
VERA;CALCHAQUI;calchaquia2v;CALCHAQUI
LA CAPITAL;CAMPO ANDINO;campoandinoa3v;CAMPOANDINO
GENERAL OBLIGADO;CAMPO HARDY;CAMPOHARDY;CAMPOHARDY
GENERAL OBLIGADO;CAMPO SIETE PROVINCIAS;CAMPOSIETEPROVINCIAS;CAMPOSIETEPROVINCIAS
LA CAPITAL;CANDIOTI;candiotia3v;CANDIOTI
IRIONDO;CAÑADA DE GOMEZ;canadadegomezA1H;CANADADEGOMEZ
GENERAL LOPEZ;CAÑADA DEL UCLE;canadadeluclea3h;CANADADELUCLE
VERA;CAÑADA OMBU;canadaombua3v;CANADAOMBU
CONSTITUCION;CAÑADA RICA;canadaricaa3h;CANADARICA
SAN MARTIN;CAÑADA ROSQUIN;canadarosquina2h;CANADAROSQUIN
SAN LORENZO;CAPITAN BERMUDEZ;capitanbermudeza1v;CAPITANBERMUDEZ
SAN CRISTOBAL;CAPIVARA;capivaraA4v1;CAPIVARA
SAN LORENZO;CARCARAÑA;carcaranaa1h;CARCARANA
SAN MARTIN;CARLOS PELLEGRINI;Carlospellegrinia2h;CARLOSPELLEGRINI
GENERAL LOPEZ;CARMEN;CARMENA3H;CARMEN
ROSARIO;CARMEN DEL SAUCE;carmendelsaucea3h;CARMENDELSAUCE
GENERAL LOPEZ;CARRERAS;CARRERASA3H;CARRERAS
IRIONDO;CARRIZALES;carrizalesa3h;CARRIZALES
SAN JERONIMO;CASALEGNO;casalegnoa3v;CASALEGNO
SAN MARTIN;CASAS;casasa3h;CASAS
CASEROS;CASILDA;casildaa0h;CASILDA
SAN MARTIN;CASTELAR;Castelara3h;CASTELAR
CASTELLANOS;CASTELLANOS;castellanosa3h;CASTELLANOS
LAS COLONIAS;CAVOUR;Cavoura3h;CAVOUR
GARAY;CAYASTA;Cayastaa2v;CAYASTA
SAN JUSTO;CAYASTACITO;cayastacitoa3v;CAYASTACITO
SAN JERONIMO;CENTENO;centenoA3V;CENTENO
CONSTITUCION;CEPEDA;cepedaa3h;CEPEDA
SAN CRISTOBAL;CERES;ceresa1h;CERES
CASEROS;CHABAS;chabasa3v;CHABAS
CASEROS;CHAÑAR LADEADO;ChanarLadeadoa3v;CHANARLADEADO
GENERAL LOPEZ;CHAPUY;chapuya3h;CHAPUY
GENERAL LOPEZ;CHOVET;choveta3h;CHOVET
GENERAL LOPEZ;CHRISTOPHERSEN;christophersena3v;CHRISTOPHERSEN
IRIONDO;CLASSON;classona3h;CLASON
VERA;COLMENA;colmenaa3h;COLMENA
SAN LORENZO;COLONIA ALDAO;coloniaaldaoa2h;COLONIAALDAO
SAN CRISTOBAL;COLONIA ANA;coloniaanaa3h;COLONIAANA
SAN MARTIN;COLONIA BELGRANO;coloniabelgranoa3v;COLONIABELGRANO
CASTELLANOS;COLONIA BICHA;coloniabichaa3v;COLONIABICHA
SAN CRISTOBAL;COLONIA BOSSI;coloniabossia3h;COLONIABOSSI
CASTELLANOS;COLONIA CELLO;coloniacelloa3h;COLONIACELLO
SAN JUSTO;COLONIA DOLORES;coloniadoloresa3h;COLONIADOLORES
SAN JAVIER;COLONIA DURAN;Coloniadurana3v;COLONIADURAN
CASTELLANOS;COLONIA MARGARITA;coloniamargaritaa3h;COLONIAMARGARITA
GARAY;COLONIA MASCIAS;COLONIAMASCIAS;COLONIAMASCIAS
IRIONDO;COLONIA MEDICI;coloniamedicia3v;COLONIAMEDICI
LAS COLONIAS;COLONIA NUEVA;;COLONIANUEVA
CASTELLANOS;COLONIA RAQUEL;coloniaraquela3v;COLONIARAQUEL
SAN CRISTOBAL;COLONIA ROSA;coloniarosaa3h;COLONIAROSA
GARAY;COLONIA SAN JOAQUIN;COLONIASANJOAQUIN;COLONIASANJOAQUIN
LAS COLONIAS;COLONIA SAN JOSE (LAS COLONIAS);;COLONIASANJOSELASCOLONIAS
SAN JAVIER;COLONIA SAN JOSE (SAN JAVIER);COLONIASANJOSESANJAVIER;COLONIASANJOSESANJAVIER
CASTELLANOS;COLONIA TACURALES;;COLONIATACURALES
SAN JAVIER;COLONIA TERESA;COLONIATERESA;COLONIATERESA
SAN CRISTOBAL;CONSTANZA;constanzaa3v;CONSTANZA
SAN JERONIMO;CORONDA;corondaa1v;CORONDA
SAN LORENZO;CORONEL ARNOLD;cnelarnolda3h;CORONELARNOLD
ROSARIO;CORONEL BOGADO;coronelbogadoa3v;CORONELBOGADO
ROSARIO;CORONEL DOMINGUEZ;coroneldomingueza3h;CORONELDOMINGUEZ
CASTELLANOS;CORONEL FRAGA;coronelfragaa3h;CORONELFRAGA
IRIONDO;CORREA;correaa2v;CORREA
SAN MARTIN;CRISPI;Crispia3h;CRISPI
ROSARIO;CUATRO ESQUINAS;cuatroesquinasa3v;CUATROESQUINAS
LAS COLONIAS;CULULU;Cululua3h;CULULU
SAN CRISTOBAL;CURUPAITY;curupaitya3h;CURUPAITY
SAN JERONIMO;DESVIO ARIJON;DESVIOARIJON;DESVIOARIJON
SAN JERONIMO;DIAZ;DiazA3V1;DIAZ
GENERAL LOPEZ;DIEGO DE ALVEAR;diegodealveara3h;DIEGODEALVEAR
CASTELLANOS;EGUSQUIZA;egusquizaa3v;EGUSQUIZA
GENERAL OBLIGADO;EL ARAZA;elarazaa3h;ELARAZA
ROSARIO;EL CARAMELO;elcarameloyvilladelplataa2v;ELCARAMELOYVILLADELPLATA
GENERAL OBLIGADO;EL CARMEN DE AVELLANEDA;ELCARMENDEAVELLANEDA;ELCARMENDEAVELLANEDA
GENERAL OBLIGADO;EL RABON;ELRABONA3H;ELRABON
GENERAL OBLIGADO;EL SOMBRERITO;elsombreritoa3h;ELSOMBRERITO
SAN MARTIN;EL TREBOL;eltrebola1v;ELTREBOL
LAS COLONIAS;ELISA;Elisaa3v;ELISA
GENERAL LOPEZ;ELORTONDO;elortondoa3h;ELORTONDO
LA CAPITAL;EMILIA;emiliaa3v;EMILIA
LAS COLONIAS;EMPALME SAN CARLOS;empalmesancarlosa3h;EMPALMESANCARLOS
CONSTITUCION;EMPALME VILLA CONSTITUCION;empalmevillaconstituciona2v;EMPALMEVILLACONSTITUCION
CASTELLANOS;ESMERALDA;esmeraldaa3h;ESMERALDA
LAS COLONIAS;ESPERANZA;esperanzaa0h;ESPERANZA
CASTELLANOS;ESTACION CLUCELLAS;estacionclucellasa3h;ESTACIONCLUCELLAS
LA CAPITAL;ESTACION CONSTITUYENTES (VILLA LAURA);constituyentesa3v;VILLALAURA
GENERAL OBLIGADO;ESTACION KM 403;ESTACIONKILOMETRO403;ESTACIONKILOMETRO403
CASTELLANOS;ESTACION KM 501;ESTACIONKILOMETRO501;ESTACIONKILOMETRO501
CASTELLANOS;ESTACION SAGUIER;estacionsaguiera3h;ESTACIONSAGUIER
9 DE JULIO;ESTEBAN RAMS;estebanramsa3h;ESTEBANRAMS
SAN JUSTO;ESTHER;esthera3h;ESTHER
CASTELLANOS;EUSEBIA Y CAROLINA;eusebiaycarolinaa3h;EUSEBIAYCAROLINA
CASTELLANOS;EUSTOLIA;eustoliaa3h;EUSTOLIA
LAS COLONIAS;FELICIA;Feliciaa3h;FELICIA
ROSARIO;FIGHIERA;fighieraa1h;FIGHIERA
GENERAL LOPEZ;FIRMAT;firmata1v;FIRMAT
GENERAL OBLIGADO;FLOR DE ORO;FLORDEORO;FLORDEORO
GENERAL OBLIGADO;FLORENCIA;FLORENCIAA2H;FLORENCIA
VERA;FORTIN CHARRUA;FORTINCHARRUA;FORTINCHARRUA
VERA;FORTIN OLMOS;FortinOlmosA3H;FORTINOLMOS
LAS COLONIAS;FRANCK;Francka2v;FRANCK
SAN LORENZO;FRAY LUIS BELTRAN;frayluisbeltrana2h;FRAYLUISBELTRAN
CASTELLANOS;FRONTERA;fronteraa2v;FRONTERA
SAN LORENZO;FUENTES;fuentesa2h;FUENTES
ROSARIO;FUNES;funesa0h;FUNES
SAN JERONIMO;GABOTO;gabotoa2V;GABOTO
SAN JERONIMO;GALVEZ;galveza1h;GALVEZ
VERA;GARABATO;GarabatoA3V;GARABATO
CASTELLANOS;GARIBALDI;garibaldia3h;GARIBALDI
9 DE JULIO;GATO COLORADO;GATOCOLORADO;GATOCOLORADO
CONSTITUCION;GENERAL GELLY;generalgellya3h;GENERALGELLY
ROSARIO;GENERAL LAGOS;generallagosa3h;GENERALLAGOS
SAN JERONIMO;GESSLER;gesslera3v;GESSLER
SAN JUSTO;GOBERNADOR CRESPO;gobernadorcrespoa2v;GOBERNADORCRESPO
CASEROS;GODEKEN;Godekena3h;GODEKEN
CONSTITUCION;GODOY;godoya3h;GODOY
VERA;GOLONDRINA;Golondrinaa3v;GOLONDRINA
ROSARIO;GRANADERO BAIGORRIA;granaderobaigorriaa1h;GRANADEROBAIGORRIA
9 DE JULIO;GREGORIA PEREZ DE DENIS;gregoriaperezdedenisa3h;GREGORIAPEREZDEDENIS
LAS COLONIAS;GRUTLY;grutlya3h;GRUTLY
GENERAL OBLIGADO;GUADALUPE NORTE;guadalupenortea3v;GUADALUPENORTE
GARAY;HELVECIA;helveciaa2h;HELVECIA
SAN CRISTOBAL;HERSILIA;hersiliaa2h;HERSILIA
LAS COLONIAS;HIPATIA;hipatiaa3v;HIPATIA
SAN CRISTOBAL;HUANQUEROS;huanquerosa3h;HUANQUEROS
GENERAL LOPEZ;HUGHES;huguesa2h;HUGHES
CASTELLANOS;HUMBERTO PRIMO;humbertoprimoa2h;HUMBERTOPRIMO
LAS COLONIAS;HUMBOLDT;Humboldta2v;HUMBOLDT
ROSARIO;IBARLUCEA;Ibarluceaa1h;IBARLUCEA
GENERAL OBLIGADO;INGENIERO CHANOURDIE;IngChanourdiea3h;INGENIEROCHANOURDIE
VERA;INTIYACO;intiyacoA3H;INTIYACO
SAN JERONIMO;IRIGOYEN;IRIGOYEN;IRIGOYEN
LAS COLONIAS;JACINTO L ARAUZ;jacintoarauza3h;JACINTOLARAUZ
CASTELLANOS;JOSEFINA;josefinaa3v;JOSEFINA
CONSTITUCION;JUAN B MOLINA;jbmolinaa3h;JUANBMOLINA
CONSTITUCION;JUNCAL;juncala3h;JUNCAL
ROSARIO;KILOMETRO 101;km101a3v;KILOMETRO101
VERA;KILOMETRO 115;km115a3v;KILOMETRO115
VERA;KILOMETRO 12;KILOMETRO12;KILOMETRO12
VERA;KILOMETRO 302;KILOMETRO302;KILOMETRO302
SAN JAVIER;LA BRAVA;Labravaa3v;LABRAVA
SAN CRISTOBAL;LA CABRAL;lacabrala3h;LACABRAL
GENERAL LOPEZ;LA CHISPA;lachispaa3h;LACHISPA
SAN JUSTO;LA CRIOLLA;lacriollaa3h;LACRIOLLA
VERA;LA GALLARETA;Lagallaretaa3h1;LAGALLARETA
GENERAL OBLIGADO;LA ISLETA;laisletaa3v;LAISLETA
LAS COLONIAS;LA PELADA;lapeladaa3h;LAPELADA
SAN JUSTO;LA PENCA Y CARAGUATA;lapencaycaraguataa3h;LAPENCAYCARAGUATA
GENERAL OBLIGADO;LA RESERVA;LARESERVA;LARESERVA
SAN CRISTOBAL;LA RUBIA;larubiaa3h;LARUBIA
GENERAL OBLIGADO;LA SARITA;lasaritaa3h;LASARITA
CONSTITUCION;LA VANGUARDIA;lavanguardiaa3v;LAVANGUARDIA
GENERAL LOPEZ;LABORDEBOY;labordeboya3h;LABORDEBOY
LA CAPITAL;LAGUNA PAIVA;lagunapaivaa1v;LAGUNAPAIVA
SAN MARTIN;LANDETA;Landetaa3h;LANDETA
GENERAL OBLIGADO;LANTERI;LANTERIA3H;LANTERI
IRIONDO;LARGUIA;larguiaa3v;LARGUIA
SAN JERONIMO;LARRECHEA;larrecheaa3h;LARRECHEA
SAN CRISTOBAL;LAS AVISPAS;lasavispasa3v;LASAVISPAS
SAN MARTIN;LAS BANDURRIAS;lasbandurriasa3h;LASBANDURRIAS
GENERAL OBLIGADO;LAS GARZAS;lasgarzasa3v;LASGARZAS
GENERAL OBLIGADO;LAS PALMAS;LASPALMAS;LASPALMAS
SAN CRISTOBAL;LAS PALMERAS;laspalmerasa3v;LASPALMERAS
BELGRANO;LAS PAREJAS;lasparejasa2v;LASPAREJAS
SAN MARTIN;LAS PETACAS;Laspetacasa3v;LASPETACAS
BELGRANO;LAS ROSAS;lasrosasa1v;LASROSAS
GENERAL OBLIGADO;LAS TOSCAS;lastoscasa2v;LASTOSCAS
LAS COLONIAS;LAS TUNAS;lastunasa3h;LASTUNAS
GENERAL LOPEZ;LAZZARINO;lazzarinoa3h;LAZZARINO
CASTELLANOS;LEHMANN;lehmanna3h;LEHMANN
LA CAPITAL;LLAMBI CAMPBELL;llambicampbella2h;LLAMBICAMPBELL
9 DE JULIO;LOGROÑO;logronoa3h;LOGRONO
SAN JERONIMO;LOMA ALTA;lomaaltaa3h;LOMAALTA
SAN JERONIMO;LOPEZ;lopeza3h;LOPEZ
VERA;LOS AMORES;losamoresa3v;LOSAMORES
SAN MARTIN;LOS CARDOS;Loscardosa3h;LOSCARDOS
GENERAL OBLIGADO;LOS LAURELES;loslaurelesa3v;LOSLAURELES
CASEROS;LOS MOLINOS;losmolinosa3h;LOSMOLINOS
ROSARIO;LOS MUCHACHOS - LA ALBORADA;osmuchachoslaalboradaa3h;LOSMUCHACHOSLAALBORADA
CASEROS;LOS NOGALES;losnogalesa3h;LOSNOGALES
CASEROS;LOS QUIRQUINCHOS;LosQuirquinchosa3h;LOSQUIRQUINCHOS
CASTELLANOS;LOS SEMBRADOS;LOSSEMBRADOS;LOSSEMBRADOS
VERA;LOS TABANOS;LOSTABANOS;LOSTABANOS
GARAY;LOS ZAPALLOS;loszapallosa2h;LOSZAPALLOS
IRIONDO;LUCIO V LOPEZ;luciovlopeza3h;LUCIOVLOPEZ
SAN LORENZO;LUIS PALACIOS;Luispalaciosa2v;LUISPALACIOS
SAN JERONIMO;MACIEL;maciela3v;MACIEL
GENERAL LOPEZ;MAGGIOLO;maggioloa3h;MAGGIOLO
GENERAL OBLIGADO;MALABRIGO;malabrigoa3h;MALABRIGO
LA CAPITAL;MANUCHO;MANUCHO;MANUCHO
SAN JUSTO;MARCELINO ESCALADA;marcelinoescaladaa3h;MARCELINOESCALADA
VERA;MARGARITA;margaritaa3v;MARGARITA
CASTELLANOS;MARIA JUANA;mariajuanaa2h;MARIAJUANA
LAS COLONIAS;MARIA LUISA;MariaLuisaa3h1;MARIALUISA
SAN MARTIN;MARIA SUSANA;mariasusanaa2v;MARIASUSANA
GENERAL LOPEZ;MARIA TERESA;mariateresaa2h;MARIATERESA
LAS COLONIAS;MATILDE;matildea3v;MATILDE
CONSTITUCION;MAXIMO PAZ;MaximoPaza3v;MAXIMOPAZ
GENERAL LOPEZ;MELINCUE;melincuea1h;MELINCUE
GENERAL LOPEZ;MIGUEL TORRES;migueltorresa3h;MIGUELTORRES
SAN CRISTOBAL;MOISES VILLE;moisesvillea2h;MOISESVILLE
SAN CRISTOBAL;MONIGOTES;monigotesa3v;MONIGOTES
SAN JERONIMO;MONJE;monjea3v;MONJE
ROSARIO;MONTE FLORES;montefloresa3h;MONTEFLORES
LA CAPITAL;MONTE VERA;MONTEVERA;MONTEVERA
9 DE JULIO;MONTEFIORE;montefiorea3v;MONTEFIORE
BELGRANO;MONTES DE OCA;montesdeocaa3h;MONTESDEOCA
GENERAL OBLIGADO;MOUSSY;MOUSSY;MOUSSY
GENERAL LOPEZ;MURPHY;murphya3h;MURPHY
SAN JUSTO;NARE;narea3v;NARE
LA CAPITAL;NELSON;nelsona2v;NELSON
GENERAL OBLIGADO;NICANOR MOLINAS;;NICANORMOLINAS
CASTELLANOS;NUEVA LEHMANN;nuevalehmanna3h;NUEVALEHMANN
LAS COLONIAS;NUEVO TORINO;nuevotorinoa3h;NUEVOTORINO
SAN CRISTOBAL;ÑANDUCITA;nanducitaa3h;NANDUCITA
IRIONDO;OLIVEROS;oliverosa2v;OLIVEROS
SAN CRISTOBAL;PALACIOS;palaciosa3v;PALACIOS
VERA;PARAJE 29;paraje29a3v;PARAJE29
LA CAPITAL;PARAJE CHACO CHICO;pjechacochicoa2h;PARAJECHACOCHICO
LA CAPITAL;PARAJE LA COSTA;Pjelacostaa2v;PARAJELACOSTA
GENERAL OBLIGADO;PARAJE SAN MANUEL;PARAJESANMANUEL;PARAJESANMANUEL
CONSTITUCION;PAVON;pavona3h;PAVON
CONSTITUCION;PAVON ARRIBA;PavonArribaa3h;PAVONARRIBA
SAN JUSTO;PEDRO GOMEZ CELLO;pedrogomezcelloa3v;PEDROGOMEZCELLO
ROSARIO;PEREZ;pereza1h;PEREZ
CONSTITUCION;PEYRANO;Peyranoa3v;PEYRANO
SAN MARTIN;PIAMONTE;piamontea2h;PIAMONTE
LAS COLONIAS;PILAR;PilarA2h;PILAR
ROSARIO;PIÑERO;pineroa3h;PINERO
CASTELLANOS;PLAZA CLUCELLAS;plazaclucellasa2h;PLAZACLUCELLAS
LAS COLONIAS;PLAZA MATILDE;plazamatildea3h;PLAZAMATILDE
CASTELLANOS;PLAZA SAGUIER;plazasaguiera3h;PLAZASAGUIER
9 DE JULIO;POZO BORRADO;pozoborradoa3h;POZOBORRADO
VERA;POZO DE LOS INDIOS;pozodelosindiosa3v;POZODELOSINDIOS
CASTELLANOS;PRESIDENTE ROCA;presidenterocaa2v;PRESIDENTEROCA
LAS COLONIAS;PROGRESO;progresoa2h;PROGRESO
LAS COLONIAS;PROVIDENCIA;providenciaa3h;PROVIDENCIA
IRIONDO;PUEBLO ANDINO;puebloandinoa2h;PUEBLOANDINO
ROSARIO;PUEBLO ESTHER;PuebloEstherA1H;PUEBLOESTHER
VERA;PUEBLO LUIS BERLI;PUEBLOLUISBERLI;PUEBLOLUISBERLI
CASTELLANOS;PUEBLO MARINI;pueblomarinia3h;PUEBLOMARINI
ROSARIO;PUEBLO MUÑOZ;pueblomunoza3h;PUEBLOMUNOZ
VERA;PUEBLO SANTA LUCIA;pueblosantaluciaa3v;PUEBLOSANTALUCIA
ROSARIO;PUEBLO URANGA;urangaa3v;PUEBLOURANGA
SAN JERONIMO;PUERTO ARAGON;puertoaragona3h;PUERTOARAGON
ROSARIO;PUERTO ARROYO SECO;puertoarroyosecoa1h;PUERTOARROYOSECO
SAN LORENZO;PUERTO GENERAL SAN MARTIN;Puertogralsanmartina1h;PUERTOGENERALSANMARTIN
GENERAL OBLIGADO;PUERTO RECONQUISTA;puertoreconquistaa3v;PUERTORECONQUISTA
SAN LORENZO;PUJATO;pujatoa3h;PUJATO
LAS COLONIAS;PUJATO NORTE;PUJATONORTE;PUJATONORTE
CASTELLANOS;RAFAELA;rafaelaa0h;RAFAELA
SAN JUSTO;RAMAYON;ramayona3h;RAMAYON
CASTELLANOS;RAMONA;ramonaa3h;RAMONA
GENERAL OBLIGADO;RECONQUISTA;reconquistaa0v;RECONQUISTA
LA CAPITAL;RECREO;recreoa1v;RECREO
SAN LORENZO;RICARDONE;ricardonea2h;RICARDONE
LA CAPITAL;RINCON POTRERO;rinconpotreroa1h;RINCONPOTRERO
SAN LORENZO;ROLDAN;roldana0v;ROLDAN
SAN JAVIER;ROMANG;Romanga2h;ROMANG
ROSARIO;ROSARIO;rosarioa0v;ROSARIO
CONSTITUCION;RUEDA;ruedaa3h;RUEDA
GENERAL LOPEZ;RUFINO;rufinoa0h;RUFINO
LAS COLONIAS;SA PEREYRA;sapereyraa3h;SAPEREYRA
GARAY;SALADERO MARIANO CABAL;saladeromarianocabala3h;SALADEROMARIANOCABAL
IRIONDO;SALTO GRANDE;saltograndea2v;SALTOGRANDE
LAS COLONIAS;SAN AGUSTIN;sanagustina3h;SANAGUSTIN
CASTELLANOS;SAN ANTONIO;sanantonioa3h;SANANTONIO
GENERAL OBLIGADO;SAN ANTONIO DE OBLIGADO;sanantoniodeobligadoa2v;SANANTONIODEOBLIGADO
9 DE JULIO;SAN BERNARDO (9 DE JULIO);;SANBERNARDO9DEJULIO
SAN JUSTO;SAN BERNARDO (SAN JUSTO);sanbernardoa3h;SANBERNARDOSANJUSTO
LAS COLONIAS;SAN CARLOS CENTRO;sancarloscentroa1v;SANCARLOSCENTRO
LAS COLONIAS;SAN CARLOS NORTE;sancarlosnortea3h;SANCARLOSNORTE
LAS COLONIAS;SAN CARLOS SUD;sancarlossuda3v;SANCARLOSSUD
SAN CRISTOBAL;SAN CRISTOBAL;SanCristobala1v;SANCRISTOBAL
GENERAL LOPEZ;SAN EDUARDO;saneduardoa3h;SANEDUARDO
SAN JERONIMO;SAN EUGENIO;saneugenioa3v;SANEUGENIO
SAN JERONIMO;SAN FABIAN;sanfabiana3v;SANFABIAN
GENERAL LOPEZ;SAN FRANCISCO DE SANTA FE;sanfranciscodesantafea3h;SANFRANCISCODESANTAFE
SAN JERONIMO;SAN GENARO;sangenaroa1h;SANGENARO
GENERAL LOPEZ;SAN GREGORIO;sangregorioa2h;SANGREGORIO
SAN CRISTOBAL;SAN GUILLERMO;sanguillermoa2h;SANGUILLERMO
SAN JAVIER;SAN JAVIER;sanjaviera1v;SANJAVIER
LAS COLONIAS;SAN JERONIMO DEL SAUCE;sanjeronimodelsaucea2h;SANJERONIMODELSAUCE
LAS COLONIAS;SAN JERONIMO NORTE;sanjeronimonortea2h;SANJERONIMONORTE
SAN LORENZO;SAN JERONIMO SUD;sanjeronimosuda3v;SANJERONIMOSUD
SAN MARTIN;SAN JORGE;sanjorgea1h;SANJORGE
CASEROS;SAN JOSE DE LA ESQUINA;sanjosedelaesquinaA2H;SANJOSEDELAESQUINA
LA CAPITAL;SAN JOSE DEL RINCON;SanJosedelRinconA3h;SANJOSEDELRINCON
SAN JUSTO;SAN JUSTO;sanjustoa1h;SANJUSTO
SAN LORENZO;SAN LORENZO;sanlorenzoa0v;SANLORENZO
LAS COLONIAS;SAN MARIANO;SANMARIANO;SANMARIANO
SAN MARTIN;SAN MARTIN DE LAS ESCOBAS;sanmartindelasescobasa2h;SANMARTINDELASESCOBAS
SAN JUSTO;SAN MARTIN NORTE;sanmartinnortea3h;SANMARTINNORTE
IRIONDO;SAN RICARDO;SANRICARDO;SANRICARDO
CASTELLANOS;SAN VICENTE;sanvicentea2h;SANVICENTE
GENERAL LOPEZ;SANCTI SPIRITU;sanctispiritua2h;SANCTISPIRITU
CASEROS;SANFORD;sanforda3h;SANFORD
LAS COLONIAS;SANTA CLARA DE BUENA VISTA;santaclaradebuenavistaa2h;SANTACLARADEBUENAVISTA
CASTELLANOS;SANTA CLARA DE SAGUIER;santaclaradesaguiera2h;SANTACLARADESAGUIER
LA CAPITAL;SANTA FE;santafea0v;SANTAFE
VERA;SANTA FELICIA;SANTAFELICIA;SANTAFELICIA
GENERAL LOPEZ;SANTA ISABEL;santaisabela2h;SANTAISABEL
9 DE JULIO;SANTA MARGARITA;santamargaritaa3h;SANTAMARGARITA
GARAY;SANTA ROSA DE CALCHINES;santarosadecalchinesa2h;SANTAROSADECALCHINES
CONSTITUCION;SANTA TERESA;SANTATERESA;SANTATERESA
LAS COLONIAS;SANTO DOMINGO;santodomingoa3h;SANTODOMINGO
LA CAPITAL;SANTO TOME;Santotomea0v;SANTOTOME
SAN CRISTOBAL;SANTURCE;santurcea3h;SANTURCE
CONSTITUCION;SARGENTO CABRAL;sgtcabrala3h;SARGENTOCABRAL
LAS COLONIAS;SARMIENTO;sarmientoa3h;SARMIENTO
SAN MARTIN;SASTRE;sastrea2h;SASTRE
LA CAPITAL;SAUCE VIEJO;sauceviejoa0v;SAUCEVIEJO
SAN MARTIN;SCHIFFNER;SCHIFFNER;SCHIFFNER
IRIONDO;SERODINO;serodinoa2h;SERODINO
SAN JUSTO;SILVA;silvaa3v;SILVA
ROSARIO;SOLDINI;soldinia3v;SOLDINI
SAN CRISTOBAL;SOLEDAD;soledada3h;SOLEDAD
CONSTITUCION;STEPHENSON;stephensona3h;STEPHENSON
SAN CRISTOBAL;SUARDI;suardia2h;SUARDI
CASTELLANOS;SUNCHALES;sunchalesA1h;SUNCHALES
CASTELLANOS;SUSANA;susanaa3h;SUSANA
GENERAL OBLIGADO;TACUARENDI;tacuarendia2h;TACUARENDI
CASTELLANOS;TACURAL;tacurala3h;TACURAL
VERA;TARTAGAL;tartagala3v;TARTAGAL
GENERAL LOPEZ;TEODELINA;teodelinaa2h;TEODELINA
CONSTITUCION;THEOBALD;theobalda3h;THEOBALD
SAN LORENZO;TIMBUES (JESUS MARIA);timbuesa1v;TIMBUES
VERA;TOBA;tobaa3v;TOBA
BELGRANO;TORTUGAS;tortugasa3h;TORTUGAS
9 DE JULIO;TOSTADO;tostadoa1h;TOSTADO
IRIONDO;TOTORAS;totorasa2h;TOTORAS
SAN MARTIN;TRAILL;Trailla3v;TRAILL
GENERAL LOPEZ;VENADO TUERTO;venadotuertoa0h;VENADOTUERTO
VERA;VERA;veraa1v;VERA
SAN JUSTO;VERA Y PINTADO;veraypintadoA3h;VERAYPINTADO
SAN LORENZO;VICENTE ECHEVERRIA;VICENTEECHEVERRIA;VICENTEECHEVERRIA
SAN JUSTO;VIDELA;videlaa3h;VIDELA
CASTELLANOS;VILA;VILA;VILA
GENERAL OBLIGADO;VILLA ADELA;VILLAADELA;VILLAADELA
ROSARIO;VILLA AMELIA;villaameliaa3h;VILLAAMELIA
GENERAL OBLIGADO;VILLA ANA;villaanaa2v;VILLAANA
GENERAL LOPEZ;VILLA CAÑAS;villacanasa1h;VILLACANAS
CONSTITUCION;VILLA CONSTITUCION;villaconstituciona0h;VILLACONSTITUCION
ROSARIO;VILLA DEL PLATA;elcarameloyvilladelplataa2v1;ELCARAMELOYVILLADELPLATA
GENERAL LOPEZ;VILLA DIVISA DE MAYO;VILLADIVISADEMAYO;VILLADIVISADEMAYO
IRIONDO;VILLA ELOISA;villaeloisaa3h;VILLAELOISA
SAN LORENZO;VILLA ELVIRA;villaelviraa3h;VILLAELVIRA
ROSARIO;VILLA GOBERNADOR GALVEZ;villagobernadorgalveza0h;VILLAGOBERNADORGALVEZ
GENERAL OBLIGADO;VILLA GUILLERMINA;VILLAGUILLERMINA;VILLAGUILLERMINA
CASTELLANOS;VILLA JOSEFINA;villajosefinaa3v;VILLAJOSEFINA
IRIONDO;VILLA LA RIBERA;villalaribera;VILLALARIBERA
9 DE JULIO;VILLA MINETTI;villaminettia3h;VILLAMINETTI
SAN LORENZO;VILLA MUGUETA;villamuguetaa3h;VILLAMUGUETA
GENERAL OBLIGADO;VILLA OCAMPO;villaocampoa1h;VILLAOCAMPO
CASTELLANOS;VILLA SAN JOSE;villasanjosea3h1;VILLASANJOSE
SAN CRISTOBAL;VILLA SARALEGUI;villasaraleguia3v;VILLASARALEGUI
SAN CRISTOBAL;VILLA TRINIDAD;villatrinidada2h;VILLATRINIDAD
CASEROS;VILLADA;villadaa3h;VILLADA
CASTELLANOS;VIRGINIA;virginiaa3v;VIRGINIA
GENERAL LOPEZ;WHEELWRIGHT;wheelwrighta2h;WHEELWRIGHT
SAN MARTIN;WILDERMUTH;wildermutha3h;WILDERMUTH
ROSARIO;ZAVALLA;zavallaa3h;ZAVALLA
CASTELLANOS;ZENON PEREYRA;zenonpereyraa2v;ZENONPEREYRA
